type;ID;contrib;Npages;title;filename;generated;citations;name_000;surname_000;name_001;surname_001;name_002;surname_002;name_003;surname_003;name_004;surname_004;name_005;surname_005;name_006;surname_006;name_007;surname_007;name_008;surname_008;name_009;surname_009;name_010;surname_010;name_011;surname_011
paper;1111;R;1;El N\'ucleo Argentino de Investigaci\'on en Astrobiolog{\'\i}a: integrando la astronom{\'\i}a con diversas \'areas de la ciencia para la b\'usqueda de vida en el universo;1111.tex;LaTeX;;X.;Abrevaya;;;;;;;;;;;;;;;;;;;;;;
paper;1222;R;1;Aspectos epistemol\'ogicos de la observaci\'on astron\'omica;1222.tex;LaTeX;;M.;Bozzoli;;;;;;;;;;;;;;;;;;;;;;
paper;1333;R;1;Huellas de la evoluci\'on de las galaxias en sus sistemas de c\'umulos globulares;1333.tex;LaTeX;;J.P.;Caso;;;;;;;;;;;;;;;;;;;;;;
paper;1444;R;1;Pulsaciones cuasi-peri\'odicas en fulguraciones solares: claves para desentra\~nar la liberaci\'on de energ{\'\i}a solar;1444.tex;LaTeX;;M.;C\'ecere;;;;;;;;;;;;;;;;;;;;;;
paper;1555;R;1;Estrellas y sistemas de estrellas como fuentes de alta energ{\'\i}a;1555.tex;LaTeX;;M. V.;del Valle;;;;;;;;;;;;;;;;;;;;;;
paper;1666;R;1;Acreci\'on en objetos compactos: un enfoque espectro-temporal desde los rayos X;1666.tex;LaTeX;;F.;Garc{\'\i}a;;;;;;;;;;;;;;;;;;;;;;
paper;1777;R;1;Astrometr{\'\i}a y Geodesia con VLBI en banda K;1777.tex;LaTeX;;M.E.;G\'omez;;;;;;;;;;;;;;;;;;;;;;
paper;1888;R;1;Astronom{\'\i}a de Meteoros desde Tierra del Fuego: Resultados de los primeros 15 a\~nos de estudios;1888.tex;LaTeX;;D.;Janches;;;;;;;;;;;;;;;;;;;;;;
paper;1999;R;1;Overview of the joint-CART project and future perspectives;1999.tex;LaTeX;;J.;Li;;;;;;;;;;;;;;;;;;;;;;
paper;1211;R;1;The ISM and High-mass star formation in the Southern Milky Way: four decades of mm/sub-mm research;1211.tex;LaTeX;;M.;Merello;;;;;;;;;;;;;;;;;;;;;;
paper;1311;R;1;En la b\'usqueda de los modos B primordiales en el Fondo C\'osmico de Radiaci\'on;1311.tex;LaTeX;;C.G.;Sc\'occola;;;;;;;;;;;;;;;;;;;;;;
paper;2151;R;1;Agujeros negros binarios en c\'umulos de poblaci\'on III;2151.tex;LaTeX;;G.J.;Escobar;M.;Mapelli;G.;Iorio;;;;;;;;;;;;;;;;;;
paper;2248;R;1;An\'alisis astrof{\'\i}sico de un nuevo c\'umulo estelar moderadamente viejo ubicado en la regi\'on de la nebulosa Trifid;2248.tex;LaTeX;;L.M.;Mor\'on;F.;Mul\'e;A.;Teragni;F.;Bazzoni;A.E.;Piatti;;;;;;;;;;;;;;
paper;2269;R;1;An\'alisis de variabilidad y evoluci\'on de una muestra de supergigantes B;2269.tex;LaTeX;;A.;Alberici Adam;L.S.;Cidale;A.;Christen;G.F.;Avila Mar{\'\i}n;M.;Kourniotis;W.;Glatzel;;;;;;;;;;;;
paper;2214;R;1;An\'alisis en multifrecuencia de los c\'umulos BH\,205 y Ruprecht\,102 y de su medio interestelar;2214.tex;LaTeX;;L.;Rizzo;M.A.;Corti;L.G.;Pa\'iz;;;;;;;;;;;;;;;;;;
paper;2116;R;1;Bethe-Heitler mechanism in ultraluminous X-ray sources;2116.tex;LaTeX;;L.M.;Pasquevich;G.E.;Romero;L.;Abaroa;;;;;;;;;;;;;;;;;;
paper;2184;R;1;B\'usqueda de tr\'ansitos planetarios en curvas de luz TESS de enanas blancas con discos de polvo;2184.tex;LaTeX;;L.;Saker;R.;Petrucci;E.;Jofr\'e;;;;;;;;;;;;;;;;;;
paper;2178;R;1;B\'usqueda del impacto de perturbaciones gravitacionales en sistemas de galaxias emisoras de Lyman-Alpha;2178.tex;LaTeX;;M.C.;Cerdosino;N.D.;Padilla;A.L.;O'Mill;;;;;;;;;;;;;;;;;;
paper;2302;R;1;C\'alculo de Isocronas para el estudio de la metalicidad del plano gal\'actico;2302.tex;LaTeX;;C.;Damia Rinc\'on;J.A.;Panei;M.A.;Corti;;;;;;;;;;;;;;;;;;
paper;2099;R;1;Ciclos de actividad en estrellas de tipo solar;2099.tex;LaTeX;;P.D.;Colombo;A.P.;Buccino;C.G.;Oviedo;R.;Iba\~nez Bustos;C.F.;Martinez;P.;Mauas;;;;;;;;;;;;
paper;2264;R;1;Classifying X-ray binaries using only X-ray data;2264.tex;LaTeX;;M.B.;Badaracco;L.;Bignone;L.J.;Pellizza;G.J.;Escobar;J.F.;Albacete-Colombo;S.E.;Pedrosa;;;;;;;;;;;;
paper;2112;R;1;Comportamiento del flujo \'optico del blazar PKS 2155$-$304 a lo largo de m\'as de dos d\'ecadas y sus implicancias;2112.tex;LaTeX;;J.;Weiss;I.;Andruchow;S.A.;Cellone;;;;;;;;;;;;;;;;;;
paper;2073;R;1;Confirming the Explosive Dispersal Outflow in DR21 with ALMA;2073.tex;LaTeX;;E.;Guzm\'an Ccolque;M.;Fern\'andez L\'opez;L.A.;Zapata;J.;Bally;P.R.;Rivera-Ortiz;;;;;;;;;;;;;;
paper;2254;R;1;Cosmological wormhole in a bouncing universe;2254.tex;LaTeX;;D.;P\'erez;G.E.;Romero;S.E.;Perez Bergliaffa;;;;;;;;;;;;;;;;;;
paper;2141;R;1;Craterizaci\'on en los sat\'elites de los planetas gigantes: un an\'alisis comparativo;2141.tex;LaTeX;;N.L.;Rossignoli;R.P.;Di Sisto;M.G.;Parisi;;;;;;;;;;;;;;;;;;
paper;2101;R;1;Detecci\'on de ciclos estelares en enanas M;2101.tex;LaTeX;;C.G.;Oviedo;A.P.;Buccino;R.F.;D{\'\i}az;;;;;;;;;;;;;;;;;;
paper;2314;R;1;Determinaci\'on de ERPs y coordenadas del geocentro a partir de informaci\'on SLR conjunta a LAGEOS y ETALON.;2314.tex;LaTeX;;M. del R.;Etchegoyen;R.;Galv\'an;M.A.;Carbonetti;S.;Cimbaro;;;;;;;;;;;;;;;;
paper;2181;R;1;Disrupted and surviving satellites of Milky-Way-mass galaxies: connecting their properties with their host accretion histories;2181.tex;LaTeX;;S.E.;Grimozzi;A.S.;Font;M.E.;De Rossi;;;;;;;;;;;;;;;;;;
paper;2083;R;1;El papel de la din\'amica orbital en la supresi\'on de la formaci\'on estelar en grupos de galaxias;2083.tex;LaTeX;;S.;Levis;V.;Coenda;H.;Muriel;M.;de los Rios;H.J.;Mart{\'\i}nez;A.;Biviano;;;;;;;;;;;;
paper;2234;R;1;Electromagnetic fluxes in rotating wormholes;2234.tex;LaTeX;;M.;Ertola Urtubey;D.;P\'erez;;;;;;;;;;;;;;;;;;;;
paper;2307;R;1;Enhancing the Popcorn Void Finder: Adapting for Real Galaxy Catalogs and its impact on Observational Cosmology;2307.tex;LaTeX;;A.R.;Schachner;J.B. Cabral C.M. Correa % completar A.N.;Ruiz;D.J.;Paz;;;;;;;;;;;;;;;;;;
paper;2218;R;1;Ense\~nanza de la astronom{\'\i}a: una perspectiva desde la teor{\'\i}a del actor-red;2218.tex;LaTeX;;R.S.;Karla;;;;;;;;;;;;;;;;;;;;;;
paper;2308;R;1;Estudiando la poblaci\'on de estrellas B en la direcci\'on a NGC 6834;2308.tex;LaTeX;;M.A.;Ruiz Diaz;Y.J.;Aidelman;G.;Baume;A.;Granada;;;;;;;;;;;;;;;;
paper;2196;R;1;Estudio astrom\'etrico y fotom\'etrico de las estructuras en la visual a Cygnus OB2;2196.tex;LaTeX;;L.G.;Pa{\'\i}z;M.S.;De Biasi;R.B.;Orellana;M.A.;Corti;;;;;;;;;;;;;;;;
paper;2208;R;1;Estudio de la evoluci\'on del polvo en discos protoplanetarios en diferentes sistemas estelares binarios;2208.tex;LaTeX;;A.E.;Correa;M.P.;Ronco;M.M.;Miller Bertolami;O.M.;Guilera;;;;;;;;;;;;;;;;
paper;2183;R;1;Estudio evolutivo del disco protoplanetario de Elias 2-24 a partir de simulaciones basadas en par\'ametros observacionales;2183.tex;LaTeX;;S.;Orcajo;L.A.;Cieza;O.M.;Guilera;;;;;;;;;;;;;;;;;;
paper;2275;R;1;Estudio sistem\'atico en rayos X de la variabilidad de Cygnus X-1;2275.tex;LaTeX;;F.A.;Fogantini;F.;Garc{\'\i}a;M.;M\'endez;;;;;;;;;;;;;;;;;;
paper;2149;R;1;Evoluci\'on de NEA cruzadores del Cintur\'on de Asteroides;2149.tex;LaTeX;;P.S.;Zain;R.P.;Di Sisto;;;;;;;;;;;;;;;;;;;;
paper;2266;R;1;Evoluci\'on del par\'ametro de spin en sistemas binarios interactuantes con un agujero negro;2266.tex;LaTeX;;L.;Bartolomeo Koninckx;M.A.;De Vito;O.G.;Benvenuto;;;;;;;;;;;;;;;;;;
paper;2128;R;1;Exploraci\'on de estrategias para fotometr{\'\i}a multibanda del c\'umulo de galaxias de Antlia usando SourceXtractor++;2128.tex;LaTeX;;S.;Zayas;J.P.;Calder\'on;A.;Smith Castelli;R.;Haack;;;;;;;;;;;;;;;;
paper;2140;R;1;Explorando el impacto de los gradientes qu{\'\i}micos en los procesos de mezcla del interior estelar;2140.tex;LaTeX;;M.M.;Ocampo;M.M.;Miller Bertolami;L.G.;Althaus;;;;;;;;;;;;;;;;;;
paper;2154;R;1;Explorando la formaci\'on de material circumestelar y precursores en supernovas ricas en hidr\'ogeno: An\'alisis de la SN 2020tlf;2154.tex;LaTeX;;T.A.;Regna;M.C.;Bersten;K.;Ertini;;;;;;;;;;;;;;;;;;
paper;2106;R;1;Explorando los posibles or{\'\i}genes de supernovas asociadas a \textit{gamma-ray bursts};2106.tex;LaTeX;;L.M.;Rom\'an Aguilar;M.M.;Saez;M.C.;Bersten;K.;Ertini;;;;;;;;;;;;;;;;
paper;2081;R;1;Fast Radio Bursts: from the Universe to the lab;2081.tex;LaTeX;;F.L.;Vieyro;A.;Araudo;G.E.;Romero;J.;Ben\'a$\check{\textrm{c}}$ek;V.;Tikhonchuk;;;;;;;;;;;;;;
paper;2093;R;1;Galaxy cluster accretion shocks and the origin of ultra-high energy cosmic rays;2093.tex;LaTeX;;A.D.;Supanitsky;S.E.;Nuza;;;;;;;;;;;;;;;;;;;;
paper;2088;R;1;Galaxy sizes and compactness during the epoch of reionization;2088.tex;LaTeX;;P.;Cataldi;S.;Pedrosa;L.;Pellizza;D.;Ceverino;;;;;;;;;;;;;;;;
paper;2121;R;1;Gemini Argentina: novedades y actualizaci\'on 2023;2121.tex;LaTeX;;L.H.;Garc{\'\i}a;G.A.;Ferrero;C.;Escudero;;;L.;Sesto;;;;;;;;;;;;;;
paper;2130;R;1;Hot Jupiter - Cold Jupiter, sistemas planetarios con un pasado turbulento;2130.tex;LaTeX;;A.;Errico;;;;;;;;;;;;;;;;;;;;;;
paper;2300;R;1;\'Indices de Lick: descifrando la historia de los C\'umulos de Virgo y Coma;2300.tex;LaTeX;;M.C.;Scalia;A.V.;Smith Castelli;F.R.;Faifer;;;;;;;;;;;;;;;;;;
paper;2171;R;1;Irregularidades rotacionales en p\'ulsares observados desde el IAR;2171.tex;LaTeX;;E.;Zubieta;F.;Garc\'{i}a;S.;del Palacio;S.B.;Araujo Furlan;G.;Gancio;C.O.;Lousto;J.A.;Combi;C.M.;Espinoza;;;;;;;;
paper;2289;R;1;La fusi\'on, la actividad nuclear, y el medio interestelar en la radiofuente 3C~305;2289.tex;LaTeX;;V.;Reynaldi;P.;Ogle;F.R.;Faifer;B.;Sebastian;I.E.;L\'opez;;;;;;;;;;;;;;
paper;2222;R;1;Los asteroides Centauros a trav\'es del JWST;2222.tex;LaTeX;;M.D.;Melita;J.;Licandro;N.;Pinilla-Alonso;;;;;;;;;;;;;;;;;;
paper;2103;R;1;Modelado hidrodin\'amico de arcos coronales;2103.tex;LaTeX;;M.;L\'opez Fuentes;J.A.;Klimchuk;;;;;;;;;;;;;;;;;;;;
paper;2280;R;1;Nuevas evidencias de H$_2$ en estructuras de baja ionizaci\'on de nebulosas planetarias;2280.tex;LaTeX;;M.B.;Mari;S.;Akras;D.R.;Gon\c{c}alves;;;;;;;;;;;;;;;;;;
paper;2239;R;1;Nuevos diagn\'osticos 3D de la corona solar interna mediante tomograf{\'\i}a con m\'ultiples instrumentos;2239.tex;LaTeX;;F.A.;Nuevo;A.M.;V\'asquez;E.;Landi;R.A.;Frazin;;;;;;;;;;;;;;;;
paper;2207;R;1;Performance Assessment via the Cram\'er-Rao bound of the Argentinean Multipurpose Interferometer Array;2207.tex;LaTeX;;L.;Cabral;C.;Muravchik;M.;Fern\'andez Corazza;G.;Gancio;P.;Benaglia;;;;;;;;;;;;;;
paper;2094;R;1;Agujeros negros primordiales para aliviar la tensi\'on en la formaci\'on estelar temprana;2094.tex;LaTeX;;P.E.;Colazo;F.;Stasyszyn;N.;Padilla;;;;;;;;;;;;;;;;;;
paper;2238;R;1;Propiedades astrof{\'\i}sicas de c\'umulos estelares ubicados en la perif\'eria de la Nube Menor de Magallanes;2238.tex;LaTeX;;D.M.;Illesca;A.E.;Piatti;;;;;;;;;;;;;;;;;;;;
paper;2241;R;1;Proposal for a Lunar Antenna for Radio Astronomy (LARA);2241.tex;LaTeX;;G.;Gancio;G.E.;Romero;H.;Command;E.;Fliger;F.;Hauscarriaga;M.;Salibe;P.;Benaglia;L.;Garcia;;;;;;;;
paper;2193;R;1;Reacciones congeladas fuera del equilibrio y nueva rama de estabilidad extendida para estrellas de neutrones;2193.tex;LaTeX;;M.O.;Canullan-Pascual;;;;;;;;;;;;;;;;;;;;;;
paper;2107;R;1;Reconstruyendo la historia evolutiva de galaxias de disco a partir del estudio sus c\'umulos globulares;2107.tex;LaTeX;;B.J.;De B\'ortoli;J.P.;Caso;L.P.;Bassino;;;;;;;;;;;;;;;;;;
paper;2137;R;1;Relaci\'on masa - radio para enanas blancas provenientes de la evoluci\'on binaria;2137.tex;LaTeX;;H.R.;Pereiras;M.A.;De Vito;O.G.;Benvenuto;;;;;;;;;;;;;;;;;;
paper;2277;R;1;Resultado del procesamiento de sesiones VLBI en el IGN y la participaci\'on de AGGO en ellas.;2277.tex;LaTeX;;F.N.;Barrera;M. E.;Gomez;M.A.;Carbonetti;S.R.;Cimbaro;;;;;;;;;;;;;;;;
paper;2124;R;1;Search for radio halos in edge-on starburst galaxies;2124.tex;LaTeX;;C.A.;Galante;J.;Saponara;G.E.;Romero;P.;Benaglia;;;;;;;;;;;;;;;;
paper;2295;R;1;Search of transient radio activity from southern magnetars;2295.tex;LaTeX;;S.B.;Araujo Furlan;E.;Zubieta;G.;Gancio;G.E.;Romero;S.;del Palacio;F.;Garcia;C. O.;Lousto;J. A.;Combi%;;Colaboraci\'on PuMA;;;;;;
paper;2182;R;1;Simulaciones de Superc\'ascaras de HI: Formaci\'on y Evoluci\'on;2182.tex;LaTeX;;M.A.;Villagran;L.;Suad;P.F.;Vel\'azquez;S.;Cichowolski;;;;;;;;;;;;;;;;
paper;2166;R;1;S{\'\i}ntesis poblacional de discos protoplanetarios: Comparaci\'on de modelos de disco y observaciones;2166.tex;LaTeX;;J.L.;Gomez;O.M.;Guilera;M.M.;Miller Bertolami;M.P.;Ronco;;;;;;;;;;;;;;;;
paper;2165;R;1;S{\'\i}ntesis poblacional de discos protoplanetarios: Comparaci\'on de modelos de disco y observaciones;2165.tex;LaTeX;;J.L.;Gomez;O.M.;Guilera;M.M.;Miller Bertolami;M.P.;Ronco;;;;;;;;;;;;;;;;
paper;2191;R;1;SN 2023ixf: progenitor y asimetr{\'\i}as a partir de la emisi\'on tard{\'\i}a;2191.tex;LaTeX;;L.;Ferrari;G.;Folatelli;K.;Ertini;;;;;;;;;;;;;;;;;;
paper;2111;R;1;\textit{Spikes} de Materia Oscura alrededor de Agujeros Negros supermasivos y sus consecuencias din\'amicas;2111.tex;LaTeX;;V.;Crespi;C.R.;"Arg\""uelles";J.A.;Rueda;;;;;;;;;;;;;;;;;;
paper;2251;R;1;Tensiones en cosmolog\'ia: una discusi\'on sobre herramientas estad\'isticas para determinar inconsistencias;2251.tex;LaTeX;;M.;Leizerovich;S.J.;Landau;C.G.;Sc\'occola;;;;;;;;;;;;;;;;;;
paper;2206;R;1;TESS asteroseismology of the GW Vir-type central star of the Planetary Nebula NGC 246;2206.tex;LaTeX;;L.M.;Calcaferro;P.;Sowicka;M.;Uzundag;A.H.;C\'orsico;S.O.;Kepler;K.J.;Bell;L.G.;Althaus;G.;Handler;S.D.;Kawaler;;;K.;Werner;;
paper;2120;R;1;Testing an Alternative Cosmological Model with Observational Data;2120.tex;LaTeX;;F.;Plaza;L.;Kraiselburd;;;;;;;;;;;;;;;;;;;;
paper;2173;R;1;Thermal and non-thermal radiation from isolated stellar-mass black holes;2173.tex;LaTeX;;J.R.;Martinez;V.;Bosch-Ramon;F.L.;Vieyro;S.;del Palacio;;;;;;;;;;;;;;;;
paper;2079;R;1;TOI-2374\,b and TOI-3071\,b: two metal-rich sub-Saturns well within the Neptunian desert;2079.tex;LaTeX;;A.;~Hacker;R.~F.;~D{\'\i}az;D.~J.;~Armstrong;J.;~Fern\'andez~Fern\'andez;S.;"~M\""uller";E.;~Delgado-Mena;S.~G.;~Sousa;V.;~Adibekyan;K.~G.;~Stassun;K.~A.;~Collins;S.~W.;~Yee;;
paper;2187;R;1;Tomography of the solar corona with Metis and LASCO-C2;2187.tex;LaTeX;;A.M.;Vasquez;F.A.;Nuevo;A.;Burtovoi;M.;Romoli;P.;Lamy;H.;Gilardy;F.;Frassati;R.A.;Frazin;A.;Bemporad;R.;Susino;N.;Sachdeva;W.B.;Manchester IV
paper;2175;R;1;Towards a Standardized Methodology for Cosmic Void Analysis;2175.tex;LaTeX;;F.;Bustillos;S.;Gualpa;J.B.;Cabral;A.N.;Ruiz;D.J.;Paz;;;;;;;;;;;;;;
paper;2232;R;1;Una oscilaci\'on cuasi-peri\'odica imaginaria al t\'ermino de la erupci\'on de MAXI~J1820+070;2232.tex;LaTeX;;C.A.;Bellavita;M.;M\'endez;F.;Garc\'ia;;;;;;;;;;;;;;;;;;
paper;2179;R;1;Unveiling the properties of first galaxies with JWST and ALMA;2179.tex;LaTeX;;M.E.;De Rossi;V.;Bromm;;;;;;;;;;;;;;;;;;;;
paper;2237;R;1;X-ray binary populations in local galaxies;2237.tex;LaTeX;;L.J.;Pellizza;M.B.;Badaracco;G.J.;Escobar;N.E.;Chisari;L.;Carvalho;S.E.;Pedrosa;L.A.;Bignone;;;;;;;;;;
paper;2162;R;1;Superaccreting microquasars as PeVatrons;2162.tex;LaTeX;;L.;Abaroa;G.E.;Romero;;;;;;;;;;;;;;;;;;;;
paper;2090;R;1;Tecnolog{\'\i}a y Patrimonio: El Proyecto ReTrOH en la Conservaci\'on de Espectros Astron\'omicos;2090.tex;LaTeX;;Y.;Aidelman;M.;Iannuzzi;C.;Di Gregorio;S.;Ponte Ah\'on;F.;Ronchetti;F.;Quiroga;R.;Peralta;M.;L\'opez;R.;Gamen;L.;Cidale;;;;
paper;2279;R;1;Probando escenarios de formaci\'on de $\lambda$ Bootis utilizando sistemas binarios;2279.tex;LaTeX;;J.;Alacoria;A.;Collado;C.;Saffe;M.;Flores;P.;Miquelarena;D.;Calvo;F.;Gunella;E.P.;Gonzalez;;;;;;;;
paper;2156;R;1;Determinaci\'on de par\'ametros fundamentales de estrellas Wolf-Rayet en sistemas binarios eclipsantes;2156.tex;LaTeX;;T.;Ans\'in;R.;Gamen;;;;;;;;;;;;;;;;;;;;
paper;2296;R;1;Follow up of the study of magnetar XTE J1810-197;2296.tex;LaTeX;;S.B.;Araujo Furlan;E.;Zubieta;G.;Gancio;G.E.;Romero;S.;del Palacio;F.;Garcia;C.O.;Lousto;J.A.;Combi%;;Colaboraci\'on PuMA;;;;;;
paper;2186;R;1;Rol de la transferencia de masa en progenitores de ondas gravitacionales;2186.tex;LaTeX;;J.;Astudillo;G.J.;Escobar;G.;Iorio;L.J.;Pellizza;;;;;;;;;;;;;;;;
paper;2102;R;1;Estudio detallado de la atm\'osfera de WASP-39 b utilizando el c\'odigo POSEIDON y datos del JWST;2102.tex;LaTeX;;M.A.J.;Baracchi;L.H.;Garc{\'\i}a;M.N.;G\'omez;;;;;;;;;;;;;;;;;;
paper;2157;R;1;Estudio de la estructura interna de los c\'umulos estelares del Puente de Magallanes;2157.tex;LaTeX;;G.;Baume;C.;Feinstein;M.J.;Rodriguez;M.;Fiorentino;B.;Dias;J.F.C. Santos Jr.;;F.S.M.;Maia;L.;Kerber;;;;;;;;
paper;2158;R;1;Poblaciones estelares y agrupaciones en las Nubes de Magallanes;2158.tex;LaTeX;;G.;Baume;C.;Parisi;C.;Feinstein;B.;De B\'ortoli;;;;;;;;;;;;;;;;
paper;2086;R;1;Kinematic patterns of the enriched gas phase in the Local Group {\sc Hestia} simulations;2086.tex;LaTeX;;L.;~Biaus;S.E.;~Nuza;C.;~Scannapieco;F.G.;~Iza;E.;~Lozano;;;;;;;;;;;;;;
paper;2098;R;1;A historical review of outreach activities at the Argentine Institute of Radio Astronomy (IAR);2098.tex;LaTeX;;C.E.;Boeris;D.;P\'erez;E.;Peluffo;H.;Command;M.F.;Fumagalli;L.;Cabral;;;;;;;;;;;;
paper;2177;R;1;An\'alisis multifrecuencia de la regi\'on Sh2-162;2177.tex;LaTeX;;A.;Boland;M.A.;Milicich;L.A.;Suad;S.;Cichowolski;;;;;;;;;;;;;;;;
paper;2213;R;1;Los colores del proceso de ensamble de las galaxias el{\'\i}pticas masivas: fotometr\'ia \'optica/IR de NGC 1395.;2213.tex;LaTeX;;A.;Boland;F.;Faifer;V.;Reynaldi;L.;Guti\'errez Soto;C.;Escudero;;;;;;;;;;;;;;
paper;2312;R;1;Elliptical Galaxies in the Fornax Cluster through S-PLUS Data;2312.tex;LaTeX;;D.;Brand\~ao;A.;Cortesi;R.;Haack;L.A.;Guti\'errez-Soto;F.;Ferrari;A.R.;Lopes;A.V.;Smith Castelli;P.;Lopes;D.;Brambila;;;;;;
paper;2268;R;1;Linking the chemical abundances of galaxies to their formation paths;2268.tex;LaTeX;;Y.D.;Burrafato;M.E.;De Rossi;;;;;;;;;;;;;;;;;;;;
paper;2216;R;1;Nuevos diagramas diagn\'osticos de edad y metalicidad;2216.tex;LaTeX;;R.;Butr\'on;A.E.;Piatti;;;;;;;;;;;;;;;;;;;;
paper;2096;R;1;Deriving a bias-corrected IMF for oriCC-1 from $\mathbf{0.05M_\odot}$ to $\mathbf{8M_\odot}$ using public data;2096.tex;LaTeX;;R.;Cabral-Fontes;J.J.;Downes;;;;;;;;;;;;;;;;;;;;
paper;2161;R;1;Determinaci\'on de miembros del c\'umulo abierto NGC 2910;2161.tex;LaTeX;;A.R.;Callen;I.;Bustos-Fierro;;;;;;;;;;;;;;;;;;;;
paper;2224;R;1;Brazos y barra de NGC 253;2224.tex;LaTeX;;J.A.;Camperi;H.;Dottori;M.P.;"Ag\""uero";G.;"G\""unthardt";R.J.;D{\'\i}az;;;;;;;;;;;;;;
paper;2255;R;1;Automatic image segmentation of galaxies and strong gravitational lenses with deep learning;2255.tex;LaTeX;;J.;Castagnino;L.A.;Bignone;J.P.;Fran\c{c}a;S.E.;Pedrosa;M.;Makler;L.J.;Pellizza;;;;;;;;;;;;
paper;2176;R;1;Multiquarks en estrellas de neutrones;2176.tex;LaTeX;;M.O.;Celi;;;;;;;;;;;;;;;;;;;;;;
paper;2293;R;1;{\textexclamdown}Ahora con m\'as l{\'\i}neas! Modelado del espectro IR de las estrellas Be MX\,Pup y $\pi$\,Aqr;2293.tex;LaTeX;;Y.R.;Cochetti;A.;Granada;M.L.;Arias;A.F.;Torres;;;;;;;;;;;;;;;;
paper;2125;R;1;Evoluci\'on de la alineaci\'on de galaxias centrales en la simulaci\'on hidrodin\'amica IllustrisTNG;2125.tex;LaTeX;;A.V.;Colazo;F.;Rodriguez;M.;Merch\'an;;;;;;;;;;;;;;;;;;
paper;2188;R;1;{\textquestiondown}Pueden sistemas con J\'upiters fr{\'\i}os en torno a estrellas de baja masa albergar s\'uper-Tierras?;2188.tex;LaTeX;;A.E.;Correa;M.B.;S\'anchez;;;;;;;;;;;;;;;;;;;;
paper;2076;R;1;Estudio comparativo de los m\'etodos de determinaci\'on de masas de estrellas enanas blancas pulsantes;2076.tex;LaTeX;;A.H.;C\'orsico;L.M.;Calcaferro;M.;Uzundag;L.G.;Althaus;S.O.;Kepler;K.;Werner;;;;;;;;;;;;
paper;2172;R;1;Wiener Filter para mapas de polarizaci\'on del Fondo C\'osmico de Radiaci\'on utilizando redes neuronales y estimaci\'on del espectro de potencias;2172.tex;LaTeX;;M.B.;Costanza;C.G.;Sc\'occola;M.;Zaldarriaga;;;;;;;;;;;;;;;;;;
paper;2284;R;1;Efecto Neupert An\'alisis discriminado seg\'un propiedades f\'isicas de la fulguraci\'on;2284.tex;LaTeX;;G.D.;Cristiani;C.H.;Mandrini;;;;;;;;;;;;;;;;;;;;
paper;2273;R;1;\LARGE Observations of the ULX sources ESO 501-023 and IC 5052 with XMM-Newton and NuSTAR;2273.tex;LaTeX;;N.;Cruz-Sanchez;E.A.;Saavedra;F.A.;Fogantini;F.;Garc{\'\i}a;J.A.;Combi;G.E.;Romero;L.;Abaroa;;;;;;;;;;
paper;2230;R;1;Teacher Training Program (TTP) desarrollado por NAEC Argentina;2230.tex;LaTeX;;M.S.;De Biasi;I.;Bustos Fierro;D.C.;Merlo;M.A.;Corti;S.;Paolantonio;N.E.;Camino;B.;Bravo;M.P.;Alvarez;;;;;;;;
paper;2309;R;1;Restringiendo la masa de part\'iculas en halos fermi\'onicos, mediante las masas de agujeros negros y de sistemas de c\'umulos globulares;2309.tex;LaTeX;;A.;Deluca;C.;"Arg\""uelles";J.P.;Caso;;;;;;;;;;;;;;;;;;
paper;2285;R;1;Sistema valorativo para la preparaci\'on de solicitudes de tiempo de telescopio del Observatorio Gemini;2285.tex;LaTeX;;C.G.;D\'iaz;R.;Petrucci;L.V.;Ferrero;E.;Jofr\'e;;;;;;;;;;;;;;;;
paper;2249;R;1;Redescubriendo observaciones hist\'oricas: construcci\'on de una base de datos en el proyecto ReTrOH;2249.tex;LaTeX;;C.;Di Gregorio;Y.;Aidelman;M.;Iannuzzi;R.;Peralta;M.;L\'opez;R.;Gamen;L.;Cidale;;;;;;;;;;
paper;2152;R;1;El microcu\'asar SS 433 como fuente de rayos c\'osmicos;2152.tex;LaTeX;;G.J.;Escobar;L.;Pellizza;L.;Carvalho;;;;;;;;;;;;;;;;;;
paper;2168;R;1;Rayos c\'osmicos gal\'acticos producidos en microcu\'asares;2168.tex;LaTeX;;G.J.;Escobar;L.;Carvalho;M.B.;Badaracco;;;;;;;;;;;;;;;;;;
paper;2210;R;1;Interacciones en el grupo de galaxias LGG\,138;2210.tex;LaTeX;;C.G.;Escudero;L.A.;Sesto;N.;Guevara;;;;;;;;;;;;;;;;;;
paper;2138;R;1;The structure and shape of binary open clusters;2138.tex;LaTeX;;C.;Feinstein;G.;Baume;T.;Palma;V.;Coenda;;;;;;;;;;;;;;;;
paper;2265;R;1;EBIN: C\'odigo para modelar sistemas binarios eclipsantes;2265.tex;LaTeX;;E.;Fern\'andez Laj\'us;R.P.;Di Sisto;;;;;;;;;;;;;;;;;;;;
paper;2227;R;1;Outflows and inflows: an ALMA story about the massive protostars in the GGD27 system;2227.tex;LaTeX;;M.;Fern\'andez-L\'opez;J.A.;;;L\'opez-V\'azquez;J.M.;Girart;G.;Busquet;R.;Estalella;S.;Curiel;N.;A\~nez-L\'opez;;;;;;;;
paper;2272;R;1;Binarity of B[e] and B supergiants using Proper Motion Anomaly with Gaia data;2272.tex;LaTeX;;M.C.;Fernandez;S.B.;C\'ardenas;R.D.;Oudmaijer;J.M.;Dodd;;;;;;;;;;;;;;;;
paper;2290;R;1;Where the stellar wind impinges the interstellar medium;2290.tex;LaTeX;;M.C.;Fernandez;D.H.;Nickeler;;;;;;;;;;;;;;;;;;;;
paper;2127;R;1;Estudio evolutivo del sistema binario PSR J1012 - 4235;2127.tex;LaTeX;;S.;Fern\'andez;M.A.;De Vito;O.G.;Benvenuto;;;;;;;;;;;;;;;;;;
paper;2253;R;1;Modelo IAU de nutaci\'on terrestre: 25 a\~nos de evoluci\'on y perspectivas;2253.tex;LaTeX;;M.;Folgueira-L\'opez;L.I.;Fern\'andez;;;;;;;;;;;;;;;;;;;;
paper;2228;R;1;Non-thermal radiation from stellar bowshocks in windy AGNs;2228.tex;LaTeX;;M.C.;Gallardo C\'aceres;G.E.;Romero;L.;Abaroa;;;;;;;;;;;;;;;;;;
paper;2160;R;1;An\'alisis fotom\'etrico de una decena de c\'umulos abiertos gal\'acticos;2160.tex;LaTeX;;A.L.;Garc{\'\i}a;F.O.;Simondi-Romero;A.V.;Ahumada;;;;;;;;;;;;;;;;;;
paper;2209;R;1;Estudio del cometa C/2017 K2 (PanStarrs) a trav\'es de perspectivas y metodolog\'ias diversas;2209.tex;LaTeX;;R.S.;Garcia;E.;Fern\'andez-Laj\'us;R.P.;Di Sisto;R.A.;Gil-Hutton;;;;;;;;;;;;;;;;
paper;2298;R;1;Estudio de c\'umulos abiertos posiblemente relacionados;2298.tex;LaTeX;;E.E.;Giorgi;M.A.;De Laurenti;M.M.;Leiva;G.I.;Perren;R.A.;V\'azquez;;;;;;;;;;;;;;
paper;2257;R;1;T\'ecnicas de clasificaci\'on de sistemas binarios interactuantes de alta masa. Uso de la validaci\'on cruzada;2257.tex;LaTeX;;R.;Girola Schneider;;;;;;;;;;;;;;;;;;;;;;
paper;2211;R;1;Galaxias tempranas con formaci\'on estelar reciente: {\textquestiondown}C\'omo se form\'o NGC 4382?;2211.tex;LaTeX;;J.P.;Godoy;F.;Faifer;V.;Reynaldi;C.;Escudero;A.;Cortesi;;;;;;;;;;;;;;
paper;2143;R;1;Evoluci\'on de espectros de familias de asteroides de tipo S con los datos de Gaia;2143.tex;LaTeX;;E.N.;Gomes;M.D.;Melita;;;;;;;;;;;;;;;;;;;;
paper;2299;R;1;Determinaci\'on de velocidades de rotaci\'on proyectadas en estrellas B del c\'umulo abierto NGC 6834.;2299.tex;LaTeX;;A.;Granada;M.A.;Ruiz Diaz;Y.J.;Aidelman;G.;Baume;;;;;;;;;;;;;;;;
paper;2142;R;1;Formaci\'on de planetesimales y planetas en m\'aximos de presi\'on transitorios;2142.tex;LaTeX;;O.M.;Guilera;Zs.;S\'andor;Zs.;Reg\'aly;W.;Lyra;;;;;;;;;;;;;;;;
paper;2122;R;1;Estimaci\'on de redshifts fotom\'etricos en direcci\'on al c\'umulo de Fornax con S-PLUS + LePhare;2122.tex;LaTeX;;R.F.;Haack;A.V.;Smith Castelli;L. Sodr\'e Jr.;;C.;Mendes de Oliveira;A.R.;Lopes;;;;;;;;;;;;;;
paper;2091;R;1;Problematic quantum aspects of inflationary cosmology;2091.tex;LaTeX;;A.;Holzmann Airasca;G.R.;Bengochea;;;;;;;;;;;;;;;;;;;;
paper;2148;R;1;Im\'agenes directas obtenidas en la EABA;2148.tex;LaTeX;;C.S.B.;Hormaeche;R.C.;Mart{\'\i}n;G.;Ferreira;T.I.;Macaroff;M.A.J.;Baracchi;L.R.;Vega-Neme;I.;Bustos Fierro;;;;;;;;;;
paper;2082;R;1;The distribution of metals in simulated Milky Way-mass galaxies;2082.tex;LaTeX;;F.G.;Iza;S.E.;Nuza;C.;Scannapieco;L.;Biaus;E.;Lozano;;;;;;;;;;;;;;
paper;2260;R;1;Validaci\'on observacional de la simulaci\'on de una ECM mediante reconstrucci\'on tomograf{\'\i}ca y red neuronal profunda;2260.tex;LaTeX;;D.G.;Lloveras;H.;Cremades;F.;Iglesias;F.;Cisterna;A.M.;V\'asquez;F.A.;Nuevo;W.;Manchester IV;N.;Sachdeva;;;;;;;;
paper;2215;R;1;Candidatos a planetas Hic\'eanos: Caracter\'\i sticas de estrellas y planetas;2215.tex;LaTeX;;M.;Lo Grasso;M.;G\'omez;P.;Zain;;;;;;;;;;;;;;;;;;
paper;2087;R;1;A weak solar infra-red flare;2087.tex;LaTeX;;K.~F.;~Lopez~Araujo;C.~G.;~Gim\'enez~de~Castro;F.~M.;~L\'opez;P.~J.~A.;~Sim\~oes;J.-P.;~Raulin;;;C.;~Francile;;;;;;;;;;
paper;2180;R;1;Characterization of candidates for Milky Way progenitors at high redshifts;2180.tex;LaTeX;;L.D.;L\'opez;M.E.;De Rossi;S.E.;Nuza;;;;;;;;;;;;;;;;;;
paper;2080;R;1;Enhanced sub-resolution star formation models in hydrodynamical cosmological simulations;2080.tex;LaTeX;;E.;~Lozano;C.;~Scannapieco;S.E.;~Nuza;L.;~Biaus;F.G.;~Iza;;;;;;;;;;;;;;
paper;2306;R;1;Early findings of the LaStBeRu: tagging, modeling, and applications of a large Strong Lensing sample;2306.tex;LaTeX;;M.;Makler;J.P.;Fran{\c}a;R.;Alves;;;;;;;;;;;;;;;;;;
paper;2258;R;1;Collapse of neutron stars in supercritical accretion disks;2258.tex;LaTeX;;N.C.;Marano Skreblin;D.;P\'erez;G.E.;Romero;;;;;;;;;;;;;;;;;;
paper;2119;R;1;Estrellas h{\'\i}bridas estables lentas: una posible explicaci\'on para el objeto compacto HESS J1731-347;2119.tex;LaTeX;;M.;Mariani;I.F.;Ranea-Sandoval;G.;Lugones;M.G.;Orsaria;;;;;;;;;;;;;;;;
paper;2167;R;1;Estudio de cuatro c\'umulos abiertos a partir de fotometr{\'\i}a de GAIA;2167.tex;LaTeX;;R.C.;Mart{\'\i}n;C.S.B.;Hormaeche;T.I.;Macaroff;G.;Ferreira;F.O.;Simondi-Romero;M.E.;Rodriguez;C.G.;Bornancini;L.R.;Vega-Neme;A.V.;Ahumada;;;;;;
paper;2100;R;1;Estudio del c\'umulo globular NGC6316 a partir de su espectro integrado de la biblioteca {\textquotedblleft}WAGGS{\textquotedblright};2100.tex;LaTeX;;A.;Martinez-Bezoky;A.L.;Garc{\'\i}a;L.R.;Vega-Neme;A.V.;Ahumada;;;;;;;;;;;;;;;;
paper;2194;R;1;Variabilidad en binarias activas: correlaci\'on entre la metalicidad y la actividad estelar;2194.tex;LaTeX;;C.F.;Martinez;E.;Jofr\'e;A.P.;Buccino;R.;Petrucci;C.G.;Oviedo;P.D.;Colombo;C.I.;Martinez;P.;Mauas;;;;;;;;
paper;2235;R;1;SeCRet: Semi C\'upula Retr\'actil para telescopio solar HATS;2235.tex;LaTeX;;C.I.;Mart{\'\i}nez;C.;Francile;T.;Giorgetti;G.;Gim\'enez de Castro;;;;;;;;;;;;;;;;
paper;2146;R;1;Empleando term\'ometros qu\'imicos para caracterizar regiones de formaci\'on estelar;2146.tex;LaTeX;;N.C.;Martinez;S.;Paron;M.E.;Ortega;;;;;;;;;;;;;;;;;;
paper;2263;R;1;Determinaci\'on de par\'ametros fotom\'etricos del sistema de Sloan con el telescopio Jorge Sahade del CASLEO;2263.tex;LaTeX;;L.;Masini;F.;Faifer;S.;Cellone;C.;Fernandez;;;;;;;;;;;;;;;;
paper;2223;R;1;Una pipeline de reducci\'on autom\'atica de curvas de luz, en diferentes filtros, para asteroides catalogados;2223.tex;LaTeX;;M.D.;Melita;L.;Mammana;E.;Tello-Huanca;;;;;;;;;;;;;;;;;;
paper;2155;R;1;Observaciones muy tempranas de supernovas Tipo II;2155.tex;LaTeX;;A.;Mendez Llorca;G.;Folatelli;;;;;;;;;;;;;;;;;;;;
paper;2311;R;1;H$_2$ column density in the Small Magellanic Cloud;2311.tex;LaTeX;;C.C.;Mendez;H.P.;Salda\~no;L.V.;Ferrero;M.;Rubio;;;;;;;;;;;;;;;;
paper;2297;R;1;Modeling tracers of circumstellar environments around B[e] stars;2297.tex;LaTeX;;L.V.;Mercanti;A.F.;Torres;L.S.;Cidale;M.;Kraus;;;;;;;;;;;;;;;;
paper;2212;R;1;Estudio de los saltos de flujo en las cadenas de datos del telescopio QUBIC;2212.tex;LaTeX;;L.;Merlo Azzolina;M.B.;Costanza;C.G.;Sc\'occola;;;;;;;;;;;;;;;;;;
paper;2200;R;1;Campa\~nas, resultados y vivencias de observaci\'on de eclipses solares realizados por dos observatorios argentinos;2200.tex;LaTeX;;D.C.;Merlo;J.N.;Balbi;;;;;;;;;;;;;;;;;;;;
paper;2104;R;1;An\'alisis espectrofotom\'etrico del sistema binario HD~93130;2104.tex;LaTeX;;M.A.;Milicich;R.C.;Gamen;;;;;;;;;;;;;;;;;;;;
paper;2304;R;1;Inserci\'on y extracci\'on de eventos de microlentes en im\'agenes simuladas de Rubin LSST;2304.tex;LaTeX;;K.;Nowogrodzki;A.;Varela;M.;Makler;S.;Khakpash;M.;Hundertmark;R.;Street;K.;Kruszy\'nska;E.;Bachelet;;;D.;Godines;;;;
paper;2305;R;1;Seguimiento de eventos de microlentes en CASLEO;2305.tex;LaTeX;;K.;Nowogrodzki;M.;Makler;L.;Mammana;D.;Mast;A.;Varela;R.;Street;M.;Dom{\'\i}nguez Romero;A.P.;Buccino;G.J.M.;Luna;;;;;;
paper;2240;R;1;Reconstruyendo la velocidad 3D del viento solar en la corona intermedia con el coron\'ografo Metis;2240.tex;LaTeX;;F.A.;Nuevo;A.M.;V\'asquez;F.;Frassati;A.;Bemporad;R.A.;Frazin;M.;Romoli;N.;Sachdeva;W.;Manchester IV;;;;;;;;
paper;2092;R;1;The rise and fall of radio-luminous merger shocks from a large sample of galaxy cluster simulations;2092.tex;LaTeX;;S.E.;~Nuza;;;;;;;;;;;;;;;;;;;;;;
paper;2139;R;1;Revisiting astrophysical bounds on continuous spontaneous localization models;2139.tex;LaTeX;;M.M.;Ocampo;M.M.;Miller Bertolami;G.;Le\'on;;;;;;;;;;;;;;;;;;
paper;2229;R;1;SN2023ixf: lessons from a nearby supernova;2229.tex;LaTeX;;M.;Orellana;M.C.;Bersten;G.;Folatelli;M.P.;Piccirilli;T.;Regna;L.M.;Rom\'an~Aguilar;K.;Ertini;A.;M\'endez;;;;;;;;
paper;2236;R;1;Aplicaci\'on de t\'ecnicas de aprendizaje autom\'atico para el an\'alisis de curvas de luz infrarrojas de estrellas de carbono;2236.tex;LaTeX;;N.;Ottero;D.C.;Merlo;;;;;;;;;;;;;;;;;;;;
paper;2303;R;1;Una nueva ley de p\'erdida de masa para estrellas O y B;2303.tex;LaTeX;;J.A.;Panei;F.I.;Figueroa-Tapia;M.;Cur\'e;I.;Araya;L.S.;Cidale;R.O.J.;Venero;A.C.;Gormaz-Matamala;;;;;;;;;;
paper;2085;R;1;Estudio de la qu{\'\i}mica sulfurada en los estadios tempranos de la formaci\'on estelar;2085.tex;LaTeX;;S.;Paron;M.E.;Ortega;N.C.;Martinez;A.;\'Alamo;M.;Brook;C.;Carballo;T.;Herberling;;;;;;;;;;
paper;2274;R;1;Mass determinations of open clusters with Gaia data;2274.tex;LaTeX;;G.I.;Perren;M.S.;Pera;H.D.;Navone;E.E.;Giorgi;R.A.;V\'azquez;;;;;;;;;;;;;;
paper;2084;R;1;Estudio qu{\'\i}mico de un n\'ucleo molecular activo hacia el objeto estelar joven MSX G030.1981-00.1691;2084.tex;LaTeX;;M.;Pina;S.;Paron;M.E.;Ortega;N.C.;Martinez;A.;Petriella;;;;;;;;;;;;;;
paper;2190;R;1;Evolution of a black hole gas in a bouncing universe;2190.tex;LaTeX;;I.;Pintos;D.;P\'erez;F.L.;Vieyro;;;;;;;;;;;;;;;;;;
paper;2174;R;1;Estimaci\'on del \'angulo de tilt de regiones activas del Ciclo Solar 23;2174.tex;LaTeX;;M.;Poisson;M.;L\'opez Fuentes;C.H.;Mandrini;P.;D\'emoulin;F.;Grings;;;;;;;;;;;;;;
paper;2189;R;1;An\'alisis de sesgos secundarios en simulaciones cosmol\'ogicas con $\Omega_{M}$ variable;2189.tex;LaTeX;;J.C.;Rapoport;P.;L\'opez;N.D.;Padilla;M.;Merch\'an;;;;;;;;;;;;;;;;
paper;2202;R;1;Espectroscop\'ia integrada de cuatro c\'umulos estelares ubicados en las afueras de la Nube Mayor de Magallanes;2202.tex;LaTeX;;C.M.;Rodr{\'\i}guez-Buss;A.V.;Ahumada;L.R.;Vega-Neme;J.J.;Clari\'a;;;;;;;;;;;;;;;;
paper;2201;R;1;Spectral characterization of the star cluster NGC\,2030 and its relation to the supernova remnant N63A;2201.tex;LaTeX;;C.M.;Rodr{\'\i}guez-Buss;A.V.;Ahumada;G.;Castelletti;;;;;;;;;;;;;;;;;;
paper;2150;R;1;Oscilaciones de proto-estrellas de neutrones;2150.tex;LaTeX;;M.C.;Rodriguez;;;;;;;;;;;;;;;;;;;;;;
paper;2105;R;1;Clasificaci\'on y Caracterizaci\'on de Exoplanetas en la Zona de Habitabilidad: Identificaci\'on de Candidatos Prometedores para la B\'usqueda de Vida;2105.tex;LaTeX;;M.E.;Rodr\'iguez;C.A.;Chavero;M.;G\'omez;;;;;;;;;;;;;;;;;;
paper;2267;R;1;Variabilidad espectral a largo plazo de HD 41117;2267.tex;LaTeX;;M.A.;Ruiz Diaz;A.;Alberici Adam;L.S.;Cidale;W.;Glatzel;;;;;;;;;;;;;;;;
paper;2159;R;1;Stellar dynamics in the vicinity of supermassive black holes with supercritical accretion regimes;2159.tex;LaTeX;;L.I.;Salinas;G.E.;Figueroa;D.;P\'erez;;;;;;;;;;;;;;;;;;
paper;2115;R;1;Hurst exponent and planetary rings;2115.tex;LaTeX;;H.D.;Salomone;N.;Grandi;;;;;;;;;;;;;;;;;;;;
paper;2169;R;1;The color-magnitude relation in the Fornax and Antlia galaxy clusters as seen by the 12 bands of S-PLUS;2169.tex;LaTeX;;R.M.;Samir;S.;Zayas;A.V.;Smith Castelli;J.P.;Calder\'on;R.F.;Haack;A.R.;Lopes;C.;Lima Dias;L.A.;Guti\'errez Soto;;;;;;;;
paper;2276;R;1;Gemini Argentina: Facilidades destacadas en el semestre 2024B;2276.tex;LaTeX;;L.;Sesto;C.;Escudero;G.;Ferrero;L.;Garc{\'\i}a;;;;;;;;;;;;;;;;
paper;2278;R;1;Huellas de fusiones gal\'acticas: En la b\'usqueda de sistemas estelares j\'ovenes;2278.tex;LaTeX;;L.;Sesto;C.;Escudero;F.;Faifer;V.;Reynaldi;;;;;;;;;;;;;;;;
paper;2203;R;1;Comparaci\'on de la emisividad de neutrinos por diferentes procesos en estrellas de neutrones;2203.tex;LaTeX;;D.J.R.;Sevilla;S.C.;Morales;;;;;;;;;;;;;;;;;;;;
paper;2185;R;1;Cosmological simulations of primordial magnetic field evolution;2185.tex;LaTeX;;F.A.;~Stasyszyn;D.;~Paz;S.E.;~Nuza;P.;~Lopez;L.;~Pereyra;F.;~Rodriguez;;;;;;;;;;;;
paper;2256;R;1;\spyctral: Optimizaci\'on del flujo de trabajo en an\'alisis espectrosc\'opico estelar;2256.tex;LaTeX;;M.I.;Tapia-Reina;M.C.;Cerdosino;;;J.B.;Cabral;;;;;;;;;;;;;;;;
paper;2170;R;1;El pasado ca\'otico de NGC 4546 vs. la evoluci\'on pac{\'\i}fica de sus estrellas.;2170.tex;LaTeX;;J.P.;Varela;V.;Reynaldi;F.R.;Faifer;L.;Gutierrez Soto;T.;Ricci;;;;;;;;;;;;;;
paper;2205;R;1;The escaping atmosphere of an icy giant planet around WDJ0914+1914;2205.tex;LaTeX;;C.;Villarreal D'Angelo;M.P.;Ronco;M.R.;Schreiber;O.;Toloza;;;;;;;;;;;;;;;;
paper;2271;R;1;Estudio en rayos X del sistema binario IGR J17503-2636;2271.tex;LaTeX;;L.;West Ocampo;F.A.;Fogantini;J.A.;Combi;;;;;;;;;;;;;;;;;;
paper;2195;R;1;Vinculaci\'on entre formaci\'on estelar, contenido de polvo y metalicidad en la evoluci\'on de galaxias;2195.tex;LaTeX;;M.C.;Zerbo;S.A.;Cora;M.E.;De Rossi;C.A.;Vega-Mart{\'\i}nez;;;;;;;;;;;;;;;;
paper;2292;R;1;Estudio qu{\'\i}mico y cinem\'atico de una gigante roja del halo a partir de espectros Gemini-GRACES;2292.tex;LaTeX;;C.;Zuloaga;E.;Jofr\'e;R.;Petrucci;E.;Martioli;;;;;;;;;;;;;;;;
paper;2288;R;1;Molecular cloud properties in low metallicity galaxies;2288.tex;LaTeX;;H.P.;Salda\~no;M.;Rubio;;;;;;;;;;;;;;;;;;;;
